Track URI,Track Name,Album Name,Artist Name(s),Release Date,Duration (ms),Popularity,Explicit,Added By,Added At,Genres,Record Label,Danceability,Energy,Key,Loudness,Mode,Speechiness,Acousticness,Instrumentalness,Liveness,Valence,Tempo,Time Signature
spotify:track:6TcxxINfeaBEQ35sHMldTD,"Dreams Tonite","Antisocialites","Alvvays",2017-09-08,196026,59,false,max1234565,2025-12-09T00:27:49Z,"dream pop,shoegaze,jangle pop,indie","Polyvinyl Records",0.51,0.622,2,-5.727,1,0.0242,0.0108,0.00000411,0.127,0.424,99.934,4
spotify:track:3eIwoaqQ3htsJ4bz7Y3GQp,"North","Immunity","Clairo",2019-08-02,213253,67,false,max1234565,2025-12-09T00:27:49Z,"bedroom pop","FADER Label",0.603,0.628,2,-6.466,1,0.0338,0.235,0.0000194,0.153,0.546,97.978,4
spotify:track:2aaCNg42RA74s0EmHTBqS7,"No Other Heart","Another One","Mac DeMarco",2015-08-07,173117,79,false,max1234565,2025-12-09T00:27:49Z,"indie,lo-fi indie","Captured Tracks",0.67,0.684,2,-7.47,1,0.0242,0.513,0.0103,0.126,0.852,94.261,4
spotify:track:2qmmnbJ9JR3f7vofbyje5r,"Slow Dance","Charm","Clairo",2024-07-12,234853,76,false,max1234565,2025-12-09T00:27:49Z,"bedroom pop","Clairo",0.727,0.534,2,-8.444,1,0.0297,0.72,0.0186,0.0977,0.598,84.007,4
spotify:track:2JKtCvtxP47fOMYi0BjMoY,"Tree Among Shrubs","Untourable Album","Men I Trust",2021-08-25,188301,63,false,max1234565,2025-12-09T00:27:49Z,"bedroom pop,indie pop","Independent",0.713,0.443,11,-11.704,0,0.0538,0.656,0.799,0.111,0.848,76.79,4
spotify:track:2uP6t2J5MEwhr9rDkAAzwh,"Get You (feat. Kali Uchis)","Freudian","Daniel Caesar;Kali Uchis",2017-08-25,278179,85,false,max1234565,2025-12-09T00:27:49Z,"","HV Recordings",0.659,0.295,11,-8.528,0,0.0322,0.426,0.0000701,0.0749,0.36,74.037,4
spotify:track:2TktkzfozZifbQhXjT6I33,"Evergreen (You Didn’t Deserve Me At All)","Ivory","Omar Apollo",2022-04-08,216680,81,false,max1234565,2025-12-09T00:27:49Z,"bedroom pop","Warner Records",0.697,0.336,9,-10.395,1,0.0424,0.598,0.00528,0.107,0.31,82.029,3
spotify:track:2VYnlKxB8jpbCeLUjQsebc,"In A Good Way","I Know I'm Funny haha","Faye Webster",2021-06-25,224680,74,false,max1234565,2025-12-09T00:27:49Z,"","Secretly Canadian",0.587,0.286,9,-8.839,1,0.0315,0.185,0.0288,0.214,0.302,71.123,4
spotify:track:0JIMT9gzLIIz0esKLyjbKf,"Telephones","Changes","Vacations",2018,212432,81,false,max1234565,2025-12-09T00:27:49Z,"","Nettwerk Music Group",0.526,0.447,2,-9.268,1,0.0274,0.00283,0.0301,0.109,0.183,74.995,4
spotify:track:63OQupATfueTdZMWTxW03A,"Karma Police","OK Computer","Radiohead",1997-05-28,264066,80,false,max1234565,2025-12-09T00:27:49Z,"art rock,alternative rock","XL Recordings",0.36,0.501,7,-9.129,1,0.0258,0.0638,0.0000932,0.172,0.324,74.807,4
spotify:track:5M4yti0QxgqJieUYaEXcpw,"Eventually","Currents","Tame Impala",2015-07-17,318591,79,false,max1234565,2025-12-09T00:27:49Z,"neo-psychedelic,indie","Universal Music Australia Pty. Ltd.",0.424,0.615,9,-6.217,0,0.0325,0.0158,0.000389,0.0844,0.155,77.935,4
spotify:track:0yuAWlxq59xT3agQ965OxE,"Sunsetz","Cigarettes After Sex","Cigarettes After Sex",2017-06-09,214680,84,false,max1234565,2025-12-09T00:27:49Z,"dream pop","Partisan Records",0.412,0.477,9,-9.381,0,0.029,0.0542,0.798,0.0975,0.141,75.302,4
spotify:track:1oAwsWBovWRIp7qLMGPIet,"Apocalypse","Cigarettes After Sex","Cigarettes After Sex",2017-06-09,290146,89,false,max1234565,2025-12-09T00:27:49Z,"dream pop","Partisan Records",0.369,0.467,5,-9.018,1,0.0274,0.0194,0.46,0.109,0.174,94.473,4
spotify:track:6klFWv2xDGeTDoiKTtx4hg,"Everyone Adores You (at least I do)","Good Morning It's Now Tomorrow","Matt Maltese",2021-10-08,203133,71,false,max1234565,2025-12-09T00:27:49Z,"","Nettwerk Music Group",0.599,0.427,5,-9.037,1,0.0242,0.747,0.105,0.0984,0.111,73.801,4
spotify:track:4EWBhKf1fOFnyMtUzACXEc,"Pluto Projector","Pony","Rex Orange County",2019-10-25,267518,75,false,max1234565,2025-12-09T00:27:49Z,"bedroom pop","Rex Orange County",0.379,0.219,5,-11.196,1,0.0307,0.707,0.000691,0.118,0.188,79.786,4
spotify:track:02wNtFxlr9dLmZXKT5TIF5,"Over the Moon","Superclean, Vol. II","The Marías",2018-09-28,182900,70,false,max1234565,2025-12-09T00:27:49Z,"bedroom pop","Superclean Records",0.684,0.232,0,-13.249,1,0.0297,0.86,0.404,0.135,0.387,73.518,4
spotify:track:0phzfJn8NeT1LkbqfV2peI,"Lejos de Ti","Submarine","The Marías",2024-05-31,179520,78,false,max1234565,2025-12-09T00:27:49Z,"bedroom pop","Nice Life/Atlantic",0.549,0.473,0,-9.908,1,0.029,0.88,0.656,0.12,0.432,81.964,4
spotify:track:6ZdAsADC9LIICvsVRuGWbZ,"Sugar","Untourable Album","Men I Trust",2021-08-25,176315,62,false,max1234565,2025-12-09T00:27:49Z,"bedroom pop,indie pop","Independent",0.822,0.462,9,-12.75,0,0.0365,0.645,0.313,0.14,0.8,114.032,4
spotify:track:1ShRHPAiiIrh0arZbSFmx1,"Heavy","CINEMA","The Marías",2021-06-25,253213,82,false,max1234565,2025-12-09T00:27:49Z,"bedroom pop","Nice Life/Atlantic",0.76,0.413,0,-8.395,1,0.0307,0.326,0.745,0.0601,0.733,96.999,4
spotify:track:62zFcDLa1CjCY9yp6VO4ga,"Lauren","Lauren","Men I Trust",2016-06-13,222680,66,false,max1234565,2025-12-09T00:27:49Z,"bedroom pop,indie pop","Men I Trust",0.768,0.499,9,-9.371,0,0.0288,0.802,0.171,0.12,0.55,96.947,4
spotify:track:75IQVo8hqI1iwVZyvkN2VT,"Show Me How","Show Me How","Men I Trust",2018-02-28,215110,79,false,max1234565,2025-12-09T00:27:49Z,"bedroom pop,indie pop","Indie",0.791,0.271,5,-11.959,1,0.0431,0.672,0.543,0.102,0.564,166.002,4
spotify:track:04OSnqlwlBJMvidYccraVz,"girls","girls","girl in red",2018-06-08,198400,68,false,max1234565,2025-12-09T00:27:49Z,"bedroom pop","world in red",0.518,0.447,5,-14.461,1,0.0338,0.23,0.0426,0.171,0.792,150.059,4
spotify:track:71BWZa1liIRyUiuJ3MB66o,"I Know You","Faye Webster","Faye Webster",2017-05-12,251666,77,false,max1234565,2025-12-09T00:27:49Z,"","Secretly Canadian",0.454,0.385,10,-12.849,1,0.0313,0.287,0.0000997,0.0616,0.144,154.918,4
spotify:track:4xqrdfXkTW4T0RauPLv3WA,"Heather","Kid Krow","Conan Gray",2020-03-20,198040,84,false,max1234565,2025-12-09T00:27:49Z,"","Republic Records",0.357,0.425,5,-7.301,1,0.0333,0.584,0,0.322,0.27,102.078,3
spotify:track:6TT7B4MigCJCc0tqKYEpZC,"Moves","I Can't Let Go","Suki Waterhouse",2022-05-06,193031,66,false,max1234565,2025-12-09T00:27:49Z,"","Sub Pop Records",0.574,0.44,0,-8.274,1,0.024,0.579,0,0.348,0.365,84.992,4
spotify:track:1Q7EgiMOuwDcB0PJC6AzON,"Best Part (feat. H.E.R.)","Freudian","Daniel Caesar;H.E.R.",2017-08-25,209831,86,false,max1234565,2025-12-09T00:27:49Z,"r&b","HV Recordings",0.518,0.365,7,-10.215,1,0.0374,0.799,0,0.1,0.437,75.256,4
spotify:track:3siwsiaEoU4Kuuc9WKMUy5,"No One Noticed","Submarine","The Marías",2024-05-31,236906,90,false,max1234565,2025-12-09T00:27:49Z,"bedroom pop","Nice Life/Atlantic",0.705,0.339,7,-10.612,1,0.0278,0.552,0.0814,0.12,0.457,97.989,4
spotify:track:42Fm8hxhh8i0Zx0Si7XIxd,"Window","If This Isn’t Nice, I Don’t Know What Is","Still Woozy",2021-08-13,139293,59,false,max1234565,2025-12-09T00:27:49Z,"bedroom pop","Still Woozy Productions Inc., under exclusive license to Interscope Records",0.714,0.479,4,-9.381,0,0.188,0.423,0.0000161,0.165,0.625,91.01,4
spotify:track:5Qv2Nby1xTr9pQyjkrc94J,"All I Need","In Rainbows","Radiohead",2007-12-28,228746,82,false,max1234565,2025-12-09T00:27:49Z,"art rock,alternative rock","XL Recordings",0.67,0.478,4,-8.689,0,0.0355,0.531,0.428,0.138,0.0997,88.014,4
spotify:track:736PP5LTtREkDgktNmX3Gu,"Superpowers","NEVER ENOUGH","Daniel Caesar",2023-04-07,174512,85,false,max1234565,2025-12-09T00:27:49Z,"","Republic Records",0.459,0.433,7,-8.983,1,0.0367,0.614,0.0285,0.19,0.0482,106.626,5
spotify:track:2LMkwUfqC6S6s6qDVlEuzV,"White Ferrari","Blonde","Frank Ocean",2016-08-20,248807,85,false,max1234565,2025-12-09T00:27:49Z,"","Boys Don't Cry",0.501,0.0958,0,-15.605,1,0.0433,0.77,0,0.298,0.204,108.741,4
spotify:track:2ZWlPOoWh0626oTaHrnl2a,"Ivy","Blonde","Frank Ocean",2016-08-20,249191,83,true,max1234565,2025-12-09T00:27:49Z,"","Boys Don't Cry",0.575,0.386,9,-9.584,0,0.037,0.785,0.000289,0.229,0.466,116.408,4
spotify:track:68SSN8C0cJmUEXJkGyNYqe,"You’re here that’s the thing","Beatopia","beabadoobee",2022-07-15,198600,67,false,max1234565,2025-12-09T00:27:49Z,"bedroom pop","Dirty Hit",0.677,0.404,0,-9.205,1,0.0422,0.745,0.0000082,0.105,0.251,108.008,4
spotify:track:0za55KLGfhCOr2TC4RM6dr,"Sofia","Immunity","Clairo",2019-08-02,188386,78,false,max1234565,2025-12-09T00:27:49Z,"bedroom pop","FADER Label",0.741,0.614,0,-10.018,1,0.0393,0.56,0.00385,0.218,0.62,113.002,4
spotify:track:27g0ztD0kKcDJRrIFDl8q8,"Pretty Girl","Pretty Girl","Clairo",2017-08-04,178352,75,false,max1234565,2025-12-09T00:27:49Z,"bedroom pop","FADER Label",0.93,0.611,0,-4.406,1,0.0415,0.593,0.00124,0.0592,0.695,112.127,4
spotify:track:3ld1FzyNgpZwGn4h9cOXrq,"Love Me Not (feat. Rex Orange County)","Love Me Not (feat. Rex Orange County)","Ravyn Lenae;Rex Orange County",2024-10-08,188198,80,false,max1234565,2025-12-09T00:27:49Z,"alternative r&b,indie soul,bedroom pop","Atlantic Records",0.796,0.698,0,-6.947,1,0.0312,0.148,0,0.129,0.794,114.014,4
spotify:track:6QeYSvYqYUsfBzsApbjDHO,"Cigarettes out the Window","Who Really Cares","TV Girl",2016-02-25,198960,85,false,max1234565,2025-12-09T00:27:49Z,"","TV Girl",0.625,0.659,0,-5.669,1,0.0337,0.12,0,0.17,0.594,113.551,4
spotify:track:2P5yIMu2DNeMXTyOANKS6k,"Nobody","Be the Cowboy","Mitski",2018-08-17,193429,74,false,max1234565,2025-12-09T00:27:49Z,"","Dead Oceans",0.398,0.717,0,-5.253,1,0.0398,0.07,0,0.085,0.487,117.296,4
spotify:track:0dpyzcT3RMNNSd2xKBf35I,"Be Sweet","Jubilee","Japanese Breakfast",2021-06-04,195370,67,false,max1234565,2025-12-09T00:27:49Z,"","Dead Oceans",0.653,0.877,2,-5.82,0,0.0275,0.0102,0.0000104,0.32,0.62,109.985,4
spotify:track:6RiiSy9GzSwiyDEJDiMuKe,"Something About You","Mulholland Drive","Eyedress;Dent May",2021-08-27,153312,64,false,max1234565,2025-12-09T00:27:49Z,"","Lex Records",0.648,0.781,9,-8.736,0,0.0271,0.0332,0.013,0.305,0.822,133.417,4
spotify:track:2ugQFcMrhzUqhQYMEx43em,"4EVER","diary 001","Clairo",2018-05-25,159595,49,false,max1234565,2025-12-09T00:27:49Z,"bedroom pop","FADER Label",0.75,0.585,9,-7.576,0,0.0285,0.049,0.00507,0.155,0.584,102.331,4
spotify:track:1TQuqiFxqnVeez9OMq3emB,"Home","Vibes","Vacations",2016,145666,64,false,max1234565,2025-12-09T00:27:49Z,"","Nettwerk Music Group",0.643,0.671,9,-5.439,0,0.0246,0.00578,0.000641,0.107,0.412,89.9,4
spotify:track:1GClDyMiSLrpzjzwIfWRIa,"Take A Bite","This Is How Tomorrow Moves","beabadoobee",2024-08-09,158866,70,false,max1234565,2025-12-09T00:27:49Z,"bedroom pop","Dirty Hit",0.537,0.631,0,-6.558,1,0.0263,0.0453,0.003,0.325,0.491,91.007,4
spotify:track:4gZDCOFuLCxCRWNhSEcOtJ,"These Days","Spring EP","Wallows",2018-04-06,202626,62,true,max1234565,2025-12-09T00:27:49Z,"indie","Atlantic Records",0.655,0.668,0,-6.733,1,0.0272,0.0398,0.0302,0.0759,0.867,93.003,4
spotify:track:7JEzAlwHhCD2M1cYE6BeqJ,"Loving Machine","Who Really Cares","TV Girl",2016-02-25,227000,81,false,max1234565,2025-12-09T00:27:49Z,"","TV Girl",0.58,0.69,0,-9.52,1,0.0267,0.568,0.0221,0.226,0.922,89.981,4
spotify:track:4iJyoBOLtHqaGxP12qzhQI,"Peaches (feat. Daniel Caesar & Giveon)","Justice","Justin Bieber;Daniel Caesar;GIVĒON",2021-03-19,198081,81,true,max1234565,2025-12-09T00:27:49Z,"r&b","RBMG/Def Jam",0.677,0.696,0,-6.181,1,0.119,0.321,0,0.42,0.464,90.03,4
spotify:track:467t3218y3yihFcyDGWjr0,"Skin","Skin","Dijon",2018-04-19,230625,64,false,max1234565,2025-12-09T00:27:49Z,"","Dark Green, Dark Green",0.674,0.616,7,-3.471,1,0.0272,0.512,0.0000021,0.331,0.551,94.934,4
spotify:track:19fKJrO9XdOf6Xla2QHecO,"Run Your Mouth","Submarine","The Marías",2024-05-31,160000,72,false,max1234565,2025-12-09T00:27:49Z,"bedroom pop","Nice Life/Atlantic",0.781,0.649,7,-6.866,1,0.0363,0.249,0.0349,0.229,0.916,111.005,4
spotify:track:4riDfclV7kPDT9D58FpmHd,"Some","Some","Steve Lacy",2016-10-31,118393,75,true,max1234565,2025-12-09T00:27:49Z,"","L-M Records",0.784,0.554,7,-6.417,1,0.03,0.00548,0.254,0.0995,0.634,104.01,4
spotify:track:0KVWVuutF9Dn8li4HdyAeU,"Archie, Marry Me","Alvvays","Alvvays",2014-07-22,196560,62,false,max1234565,2025-12-09T00:27:49Z,"dream pop,shoegaze,jangle pop,indie","Polyvinyl Records",0.268,0.829,7,-4.592,1,0.0743,0.00986,0.434,0.142,0.203,117.351,4
spotify:track:1KIJclzEbNhSVw8tiHPWwE,"Young","Vibes","Vacations",2016,189160,79,false,max1234565,2025-12-09T00:27:49Z,"","Nettwerk Music Group",0.498,0.81,7,-4.065,1,0.0263,0.00392,0.00717,0.0635,0.594,79.935,4
spotify:track:5naar7XewEOAjOywIp6Jjq,"Remember When","Nothing Happens","Wallows",2019-03-22,155146,70,false,max1234565,2025-12-09T00:27:49Z,"indie","Atlantic Records",0.504,0.708,11,-5.896,0,0.0343,0.00112,0.000424,0.788,0.51,82.009,4
spotify:track:3Z0qLOS0cqWKPHXkbTXmNF,"Gilded Lily","Offering","Cults",2022-10-26,212736,76,false,max1234565,2025-12-09T00:27:49Z,"","Sinderlyn/Columbia",0.4,0.571,11,-6.534,0,0.0288,0.468,0.0000305,0.519,0.146,61.859,4
spotify:track:6FBzhcfgGacfXF3AmtfEaX,"C U Girl","C U Girl","Steve Lacy",2015-02-15,129697,76,false,max1234565,2025-12-09T00:27:49Z,"","L-M Records",0.414,0.473,11,-8.911,0,0.116,0.663,0.0523,0.128,0.409,100,4
spotify:track:2LlOeW5rVcvl3QcPNPcDus,"Always","NEVER ENOUGH","Daniel Caesar",2023-04-07,225312,84,true,max1234565,2025-12-09T00:27:49Z,"","Republic Records",0.578,0.436,2,-8.202,1,0.0461,0.666,0.0000019,0.106,0.199,135.86,4
spotify:track:3vjs2MDHoF9xhylNg6Y9un,"Chateau (Feel Alright)","Twenty Twenty","Djo",2019-09-13,272157,74,false,max1234565,2025-12-09T00:27:49Z,"","Djo",0.641,0.365,7,-11.765,1,0.027,0.434,0.00000849,0.297,0.343,134.874,4
spotify:track:6IPwKM3fUUzlElbvKw2sKl,"we fell in love in october","we fell in love in october / October Passed Me By","girl in red",2018-11-21,184153,85,false,max1234565,2025-12-09T00:27:49Z,"bedroom pop","world in red",0.566,0.366,7,-12.808,1,0.028,0.113,0.181,0.155,0.237,129.96,4
spotify:track:7DfFc7a6Rwfi3YQMRbDMau,"Thinkin Bout You","channel ORANGE","Frank Ocean",2012-07-10,200746,84,false,max1234565,2025-12-09T00:27:49Z,"","Red Zone Entertainment / IDJ",0.721,0.339,0,-11.195,1,0.0532,0.409,0.00153,0.0973,0.2,129.83,4
spotify:track:2qkb3hhx8iCBvYzX9SvVxj,"Lovesong","Beatopia","beabadoobee",2022-07-15,245426,64,false,max1234565,2025-12-09T00:27:49Z,"bedroom pop","Dirty Hit",0.479,0.369,5,-10.171,1,0.0282,0.659,0.0808,0.106,0.233,127.822,4
spotify:track:27rZYxE4l21wTaovX4WTnI,"Television / So Far So Good","Apricot Princess","Rex Orange County",2017-04-26,262600,76,true,max1234565,2025-12-09T00:27:49Z,"bedroom pop","Rex Orange County",0.403,0.505,5,-7.75,1,0.0463,0.592,0,0.121,0.32,164.902,4
spotify:track:0VF7YLIxSQKyNiFL3X6MmN,"Stargazing","Chip Chrome & The Mono-Tones (Deluxe)","The Neighbourhood",2020-12-11,217026,69,false,max1234565,2025-12-09T00:27:49Z,"","Columbia",0.512,0.483,0,-7.798,1,0.0298,0.00304,0.0011,0.12,0.367,160.009,4
spotify:track:2XUx8PCXGpP1XhZJMGiUol,"Chest Pain (I Love)","Malcolm Todd","Malcolm Todd",2025-04-04,200826,78,false,max1234565,2025-12-09T00:27:49Z,"","Columbia",0.61,0.487,4,-7.792,0,0.0478,0.261,0.00000176,0.341,0.365,149.821,3
spotify:track:0InIeZW4P6VO7dUGRM4AKH,"Sienna","Submarine","The Marías",2024-05-31,224840,88,false,max1234565,2025-12-09T00:27:49Z,"bedroom pop","Nice Life/Atlantic",0.685,0.468,7,-9.405,1,0.031,0.583,0.57,0.159,0.594,147.993,4
spotify:track:4KGGeE7RJsgLNZmnxGFlOj,"Falling Behind","Everything I Know About Love","Laufey",2022-08-26,173640,81,false,max1234565,2025-12-09T00:27:49Z,"","Laufey",0.449,0.353,7,-12.986,1,0.0915,0.942,0.0786,0.109,0.55,165.888,4
spotify:track:2sBKLT7bFa38yVAYxYltUX,"Dance with Me","Patched Up","beabadoobee",2018-12-07,234282,58,false,max1234565,2025-12-09T00:27:49Z,"bedroom pop","Dirty Hit",0.36,0.209,4,-10.293,1,0.0355,0.967,0.00326,0.153,0.227,199.95,4
spotify:track:7EAMXbLcL0qXmciM5SwMh2,"Heart To Heart","Here Comes The Cowboy","Mac DeMarco",2019-05-10,211140,82,false,max1234565,2025-12-09T00:27:49Z,"indie,lo-fi indie","Mac’s Record Label",0.901,0.136,8,-16.127,0,0.102,0.667,0.354,0.109,0.643,150.076,4
spotify:track:6Ijmj8Z0L31hCp5pLZnT5U,"Numb","Numb","Men I Trust",2019-04-12,219340,68,false,max1234565,2025-12-09T00:27:49Z,"bedroom pop,indie pop","Independent",0.783,0.303,4,-14.393,1,0.0527,0.811,0.945,0.109,0.65,138.816,4
spotify:track:39sDitIeCMrVX2QyXHY46t,"Blue Hair","Death of a Party Girl","TV Girl",2018-05-08,217000,83,false,max1234565,2025-12-09T00:27:49Z,"","TV Girl",0.751,0.72,4,-6.376,1,0.0303,0.554,0.0497,0.258,0.884,135.73,4
spotify:track:41P6Tnd8KIHqON0QIydx6a,"the perfect pair","Beatopia","beabadoobee",2022-07-15,177533,82,false,max1234565,2025-12-09T00:27:49Z,"bedroom pop","Dirty Hit",0.634,0.663,11,-6.818,1,0.0331,0.433,0.124,0.102,0.6,146.053,4
spotify:track:57RA3JGafJm5zRtKJiKPIm,"Are You Bored Yet? (feat. Clairo)","Nothing Happens","Wallows;Clairo",2019-03-22,178000,77,false,max1234565,2025-12-09T00:27:49Z,"indie,bedroom pop","Atlantic Records",0.682,0.683,8,-6.444,0,0.0287,0.156,0.0000232,0.273,0.64,120.023,4
spotify:track:3HlK8txWAdtKMrbsqX40pl,"Freaking Out the Neighborhood","2","Mac DeMarco",2012-10-16,173888,76,false,max1234565,2025-12-09T00:27:49Z,"indie,lo-fi indie","Captured Tracks",0.565,0.832,8,-5.751,0,0.108,0.0638,0.0288,0.386,0.847,143.303,4
spotify:track:1XrSjpNe49IiygZfzb74pk,"What Once Was","Songs of Her's","Her's",2017-05-12,255067,76,false,max1234565,2025-12-09T00:27:49Z,"indie","Heist Or Hit Records",0.526,0.877,3,-4.369,0,0.033,0.172,0.0108,0.223,0.436,145.568,3
spotify:track:1HRTFytvp1Bs50ckTlL5qs,"bad idea!","chapter 2","girl in red",2019-09-06,219638,53,true,max1234565,2025-12-09T00:27:49Z,"bedroom pop","world in red",0.513,0.807,1,-6.095,1,0.0481,0.0289,0.0548,0.246,0.419,162.026,4
spotify:track:3X8fDZL2mX4bz39SWWCl03,"Prune, You Talk Funny","Prune, You Talk Funny","Gus Dapperton",2017-12-05,212701,52,false,max1234565,2025-12-09T00:27:49Z,"bedroom pop","Gus Dapperton",0.571,0.749,10,-7.193,0,0.0382,0.0177,0.00233,0.199,0.579,140.045,4
spotify:track:0OpC8hRrbsh24taKOsQBEX,"Real Man","This Is How Tomorrow Moves","beabadoobee",2024-08-09,160600,78,false,max1234565,2025-12-09T00:27:49Z,"bedroom pop","Dirty Hit",0.555,0.745,10,-5.94,0,0.0342,0.636,0,0.146,0.442,129.986,4
spotify:track:7h2nmmoWDi2UpfYKLKWLYB,"Sunflower","Sunflower","Rex Orange County",2017-03-22,252230,72,true,max1234565,2025-12-09T00:27:49Z,"bedroom pop","Rex Orange County",0.548,0.765,6,-4.463,1,0.0525,0.646,0.00378,0.522,0.573,129.933,4
spotify:track:1xLs8Mu1QEVbGCpyHQ2r2U,"Why","What Could Possibly Go Wrong","Dominic Fike",2020-07-31,139906,70,true,max1234565,2025-12-09T00:27:49Z,"","Columbia",0.684,0.856,6,-2.676,1,0.0411,0.342,0.00728,0.109,0.343,117.027,4
spotify:track:3rPtS4nfpy7PsARctAWpzd,"Best Friend","Best Friend","Rex Orange County",2017-01-25,262231,77,true,max1234565,2025-12-09T00:27:49Z,"bedroom pop","Rex Orange County",0.576,0.714,6,-5.247,1,0.0595,0.395,0,0.115,0.321,144.981,4
spotify:track:3EaJDYHA0KnX88JvDhL9oa,"Dark Red","Dark Red","Steve Lacy",2017-02-20,173104,85,false,max1234565,2025-12-09T00:27:49Z,"","Three Quarter",0.603,0.784,6,-4.023,1,0.062,0.446,0.00000832,0.119,0.769,172.041,4
spotify:track:4k6Uh1HXdhtusDW5y8Gbvy,"Bad Habit","Gemini Rights","Steve Lacy",2022-07-15,232114,84,true,max1234565,2025-12-09T00:27:49Z,"","L-M Records/RCA Records",0.686,0.494,1,-7.093,1,0.0355,0.613,0.000058,0.402,0.7,168.946,4
spotify:track:5WbfFTuIldjL9x7W6y5l7R,"Kingston","Atlanta Millionaires Club","Faye Webster",2019-05-24,202653,77,false,max1234565,2025-12-09T00:27:49Z,"","Secretly Canadian",0.73,0.355,10,-9.13,0,0.0359,0.154,0.00155,0.117,0.56,142.143,4
spotify:track:3vxvz0JoRDvnx2jG9oPljA,"Love You Anyway","Submarine","The Marías",2024-05-31,237133,73,false,max1234565,2025-12-09T00:27:49Z,"bedroom pop","Nice Life/Atlantic",0.737,0.457,6,-9.132,1,0.0511,0.531,0.332,0.0881,0.915,144.031,4
spotify:track:0HAqq2GcQKyi3s87GuN7jU,"Amoeba","Sling","Clairo",2021-07-16,228922,74,false,max1234565,2025-12-09T00:27:49Z,"bedroom pop","Republic Records",0.739,0.491,6,-11.515,1,0.027,0.791,0.0366,0.1,0.707,111.008,4
spotify:track:6cMMZ2pdP4PkYsVJqX2WUh,"Kids","Kids","Current Joys",2015-03-08,269142,77,false,max1234565,2025-12-09T00:27:49Z,"lo-fi indie","Current Joys",0.828,0.656,6,-9.638,1,0.0336,0.52,0.358,0.0745,0.902,113.45,4
spotify:track:6l8T96kpkx6RY9kFac7eMU,"Blondie","Wild Heart","Current Joys",2013-01-02,192318,75,false,max1234565,2025-12-09T00:27:49Z,"lo-fi indie","Current Joys",0.754,0.784,6,-8.825,1,0.0358,0.705,0.845,0.111,0.866,122.074,4
spotify:track:4gtIYSYu8u2ItBqrhCaChL,"Paranoia","Submarine","The Marías",2024-05-31,231786,75,false,max1234565,2025-12-09T00:27:49Z,"bedroom pop","Nice Life/Atlantic",0.688,0.639,1,-7.992,1,0.0299,0.441,0.5,0.0753,0.773,120.039,4
spotify:track:56NEihhw1BsIgBBzfvcE76,"Bags","Immunity","Clairo",2019-08-02,260519,79,false,max1234565,2025-12-09T00:27:49Z,"bedroom pop","FADER Label",0.742,0.537,1,-7.914,1,0.0317,0.172,0.421,0.118,0.881,104.994,4
spotify:track:6FcDxtnGfsYHOcGkXN2OIG,"Add Up My Love","Charm","Clairo",2024-07-12,205263,69,false,max1234565,2025-12-09T00:27:49Z,"bedroom pop","Clairo",0.715,0.621,8,-6.761,1,0.027,0.17,0.0011,0.111,0.769,104.964,4
spotify:track:0YMe6PHRbeDcN7KJdCG0bW,"The Dress","Absolutely","Dijon",2021-11-05,184767,78,false,max1234565,2025-12-09T00:27:49Z,"","R&R Digital/Warner Records",0.747,0.531,8,-5.99,1,0.0477,0.266,0.0000018,0.192,0.785,88.009,4
spotify:track:59c2xv2kMzYM6HR9oY6BIa,"Sweet Boy","Sweet Boy","Malcolm Todd",2024-04-05,180000,84,true,max1234565,2025-12-09T00:27:49Z,"","Columbia",0.774,0.371,5,-9.54,0,0.0309,0.367,0.00000275,0.298,0.707,88.013,4
spotify:track:3r8b29rWOWwvxVyq3bSr1I,"Softly","Immunity","Clairo",2019-08-02,185306,64,false,max1234565,2025-12-09T00:27:49Z,"bedroom pop","FADER Label",0.759,0.426,0,-11.449,0,0.0422,0.341,0.00885,0.107,0.779,94.03,4
spotify:track:3awweDjWIuXNMogMClJnvE,"Sexy to Someone","Charm","Clairo",2024-07-12,207795,71,false,max1234565,2025-12-09T00:27:49Z,"bedroom pop","Clairo",0.716,0.545,0,-6.949,0,0.0329,0.352,0.00369,0.101,0.826,98.23,4
spotify:track:16gJmoOqRt2lKmlXtDpWgH,"Cariño","Superclean, Vol. II","The Marías",2018-09-28,258713,73,false,max1234565,2025-12-09T00:27:49Z,"bedroom pop","Superclean Records",0.646,0.47,0,-10.697,0,0.0284,0.4,0.0348,0.11,0.651,113.995,4
spotify:track:4z9KVNX4hmk672SJfhtQNz,"F Song","F Song","Strawberry Guy",2018-08-09,224655,67,false,max1234565,2025-12-09T00:27:49Z,"bedroom pop","Strawberry Guy",0.236,0.511,0,-10.788,0,0.0442,0.407,0.281,0.346,0.227,80.973,4
spotify:track:1a19jsjG2DvbN1fVJonKUU,"Beaches","This Is How Tomorrow Moves","beabadoobee",2024-08-09,230053,78,false,max1234565,2025-12-09T00:27:49Z,"bedroom pop","Dirty Hit",0.417,0.812,10,-3.979,1,0.0332,0.0154,0.0000211,0.189,0.419,82.002,4
spotify:track:4r1AqGpB9YrXV2ivcrqfJY,".","if i could make it go quiet","girl in red",2021-04-30,166240,62,false,max1234565,2025-12-09T00:27:49Z,"bedroom pop","world in red",0.451,0.907,10,-7.362,1,0.291,0.0838,0.832,0.137,0.317,151.988,4
spotify:track:00RLNHc2jkEjUoCUlFgPVT,"welcome and goodbye","welcome and goodbye","Dream, Ivory",2018-03-31,140643,80,false,max1234565,2025-12-09T00:27:49Z,"","Dream, Ivory LLC",0.584,0.717,0,-5.175,0,0.0266,0.0194,0.756,0.0739,0.659,140.031,4
spotify:track:6YVajR33kCWLhWpMVD8AGD,"Calling After Me","Model","Wallows",2024-05-24,187692,71,false,max1234565,2025-12-09T00:27:49Z,"indie","Atlantic Records",0.636,0.797,8,-4.644,1,0.0296,0.00598,0.00000426,0.114,0.965,139.963,4
spotify:track:751srcHf5tUqcEa9pRCQwP,"Tek It","Running","Cafuné",2021-07-20,191823,81,false,max1234565,2025-12-09T00:27:49Z,"","Elektra (NEK)",0.423,0.913,8,-5.354,1,0.0655,0.0000653,0,0.269,0.596,146.995,4
spotify:track:2enPRFda84VE2wtI8c86Uf,"Always Forever","Static","Cults",2013-10-15,223750,79,false,max1234565,2025-12-09T00:27:49Z,"","Columbia",0.174,0.742,8,-5.93,1,0.0485,0.00181,0.281,0.198,0.36,163.378,4
spotify:track:0TZejo18HlJ86OrWNsXKnw,"Mrs Magic","Mrs Magic","Strawberry Guy",2019-07-24,208500,80,false,max1234565,2025-12-09T00:27:49Z,"bedroom pop","Melodic",0.471,0.634,8,-7.406,1,0.031,0.159,0.365,0.374,0.366,132.542,4
spotify:track:2mWfVxEo4xZYDaz0v7hYrN,"Juna","Charm","Clairo",2024-07-12,195109,78,false,max1234565,2025-12-09T00:27:49Z,"bedroom pop","Clairo",0.606,0.714,3,-6.244,1,0.0339,0.238,0.098,0.106,0.448,141.512,4
spotify:track:7ASFZh1D0DPZro7UXUKGmd,"Loving Is Easy","Loving is Easy","Rex Orange County;Benny Sings",2017-10-11,155720,67,true,max1234565,2025-12-09T00:27:49Z,"bedroom pop","Rex Orange County",0.756,0.609,3,-7.927,1,0.0544,0.217,0.00482,0.0959,0.537,117.024,4
spotify:track:6u2CGEwN1GhUG1Z5P7qXfs,"Flaming Hot Cheetos","diary 001","Clairo",2018-05-25,122244,48,false,max1234565,2025-12-09T00:27:49Z,"bedroom pop","FADER Label",0.697,0.605,7,-7.374,0,0.154,0.887,0.00000542,0.105,0.151,109.982,4
spotify:track:180AbZduI6bYQIzwCHRwu9,"A Night To Remember","A Night To Remember","beabadoobee;Laufey",2023-10-20,233388,75,false,max1234565,2025-12-09T00:27:49Z,"bedroom pop","Beabadoobee/Laufey",0.726,0.624,2,-7.799,0,0.0277,0.498,0.0294,0.0909,0.573,114.99,4
spotify:track:1gH1h30wkQdd9zhY3j7a8T,"THE SHADE","WHO CARES?","Rex Orange County",2022-03-11,181506,74,false,max1234565,2025-12-09T00:27:49Z,"bedroom pop","Rex Orange County",0.898,0.509,5,-7.973,1,0.062,0.391,0,0.0876,0.727,119.869,4
spotify:track:63Pi2NAx5yCgeLhCTOrEou,"Headlock","Speak for Yourself (Deluxe Version)","Imogen Heap",2005,215338,84,false,max1234565,2025-12-09T00:27:49Z,"","Megaphonic",0.808,0.372,7,-10.759,0,0.0364,0.792,0,0.119,0.787,119.982,4
spotify:track:4vHNeBWDQpVCmGbaccrRzi,"Goodie Bag","Goodie Bag","Still Woozy",2017-11-05,146390,69,true,max1234565,2025-12-09T00:27:49Z,"bedroom pop","Still Woozy Productions Inc., under exclusive license to Interscope Records",0.739,0.522,7,-12.304,0,0.151,0.821,0.00124,0.233,0.619,138.263,4
spotify:track:6F5mZpEEjhsAW8UEqbIpz1,"Tired","Patched Up","beabadoobee",2018-12-07,199514,72,true,max1234565,2025-12-09T00:27:49Z,"bedroom pop","Dirty Hit",0.63,0.418,7,-7.111,0,0.0254,0.483,0.15,0.111,0.345,140.037,4
spotify:track:51Grh1RyUDcMBbpuyUIUHI,"rises the moon","recently","Liana Flores",2019-04-10,161929,81,false,max1234565,2025-12-09T00:27:49Z,"","liana flores",0.483,0.129,5,-20.149,0,0.0349,0.947,0.145,0.106,0.203,137.35,3
spotify:track:6DH13QYXK7lKkYHSU88N48,"Who Knows","Son Of Spergy","Daniel Caesar",2025-10-24,226283,89,false,max1234565,2025-12-09T00:27:49Z,"","Republic Records",0.674,0.257,5,-14.948,0,0.0355,0.756,0.0000138,0.362,0.391,120.902,4
spotify:track:3iBgrkexCzVuPy4O9vx7Mf,"Glue Song","Glue Song","beabadoobee",2023-02-14,135066,80,false,max1234565,2025-12-09T00:27:49Z,"bedroom pop","Dirty Hit",0.62,0.409,1,-10.146,1,0.0282,0.77,0.0542,0.105,0.582,113.946,3
spotify:track:4BsLwvaJOTOHDNg7xMpvrL,"Habit","Habit","Still Woozy",2019-12-12,153871,60,true,max1234565,2025-12-09T00:27:49Z,"bedroom pop","Still Woozy Productions Inc., under exclusive license to Interscope Records",0.767,0.392,1,-11.996,1,0.0945,0.154,0.000398,0.108,0.48,125.017,4
spotify:track:3cxZT78mZDyLsLPJKcTu3U,"Right Side of My Neck","Atlanta Millionaires Club","Faye Webster",2019-05-24,153320,71,false,max1234565,2025-12-09T00:27:49Z,"","Secretly Canadian",0.716,0.515,1,-9.073,1,0.0261,0.00116,0.000249,0.326,0.315,117.039,4
spotify:track:71DSaeKtXQaMAqnvMT7Uoc,"Mona Lisa","Sunburn","Dominic Fike",2023-07-07,186066,68,false,max1234565,2025-12-09T00:27:49Z,"","Columbia",0.759,0.646,1,-7.603,1,0.12,0.231,0,0.161,0.445,111.043,4
spotify:track:3GZD6HmiNUhxXYf8Gch723,"Lost","channel ORANGE","Frank Ocean",2012-07-10,234093,84,true,max1234565,2025-12-09T00:27:49Z,"","Red Zone Entertainment / IDJ",0.913,0.603,8,-4.892,1,0.226,0.0272,0.000503,0.167,0.497,123.061,4
spotify:track:6dBUzqjtbnIa1TwYbyw5CM,"Lovers Rock","French Exit","TV Girl",2014-06-05,213920,87,false,max1234565,2025-12-09T00:27:49Z,"","TV Girl",0.559,0.871,5,-5.338,0,0.0397,0.00000753,0.00545,0.096,0.572,104.97,4
spotify:track:3IznIgmXtrUaoPWpQTy5jB,"Not Allowed","Who Really Cares","TV Girl",2016-02-25,167864,84,true,max1234565,2025-12-09T00:27:49Z,"","TV Girl",0.67,0.905,1,-6.855,1,0.129,0.669,0.000227,0.349,0.563,104.965,4
spotify:track:53mChDyESfwn9Dz8poHRf6,"Taking What's Not Yours","Who Really Cares","TV Girl",2016-02-25,205650,79,false,max1234565,2025-12-09T00:27:49Z,"","TV Girl",0.712,0.914,1,-5.675,1,0.101,0.65,0,0.0579,0.697,100.406,4
spotify:track:5xo8RrjJ9CVNrtRg2S3B1R,"Motion Sickness","Stranger in the Alps","Phoebe Bridgers",2017-09-22,229760,75,false,max1234565,2025-12-09T00:27:49Z,"","Dead Oceans",0.651,0.546,1,-9.021,1,0.0357,0.774,0.0437,0.0842,0.623,107.021,4
spotify:track:43iIQbw5hx986dUEZbr3eN,"From The Start","Bewitched","Laufey",2023-09-08,169573,87,false,max1234565,2025-12-09T00:27:49Z,"","Laufey",0.554,0.339,1,-10.088,1,0.0779,0.886,0.00128,0.11,0.83,80.994,4
spotify:track:2R4AlwtrrkMaRKojcTIzmL,"For the First Time","This Old Dog","Mac DeMarco",2017-05-05,182306,82,false,max1234565,2025-12-09T00:27:49Z,"indie,lo-fi indie","Captured Tracks",0.551,0.529,5,-10.469,0,0.0517,0.296,0.0093,0.178,0.521,75.515,4
spotify:track:5E02BgqYNN9VzafXrYP6Np,"Heavenly","Cry","Cigarettes After Sex",2019-10-25,286773,81,false,max1234565,2025-12-09T00:27:49Z,"dream pop","Partisan Records",0.536,0.437,8,-9.193,1,0.0248,0.676,0.665,0.11,0.126,105.22,4
spotify:track:1KiAtMAGayStCuLCH6EJAw,"Hello?","diary 001","Clairo;Rejjie Snow",2018-05-25,135016,77,true,max1234565,2025-12-09T00:27:49Z,"bedroom pop,jazz rap","FADER Label",0.839,0.474,10,-7.835,0,0.0606,0.645,0.00053,0.0939,0.0635,98.732,4
spotify:track:40iocOzytrqaRn5RbGPDNp,"Cherry Flavoured","Chip Chrome & The Mono-Tones","The Neighbourhood",2020-09-25,208453,67,false,max1234565,2025-12-09T00:27:49Z,"","Columbia",0.617,0.574,6,-9.768,1,0.0276,0.23,0.0105,0.0983,0.396,91.769,4
spotify:track:1xK59OXxi2TAAAbmZK0kBL,"Romantic Homicide","Romantic Homicide","d4vd",2022-07-20,132630,84,false,max1234565,2025-12-09T00:27:49Z,"","Darkroom/Interscope Records",0.571,0.544,6,-10.613,1,0.0299,0.453,0.00805,0.322,0.216,132.052,4
spotify:track:7H7NyZ3G075GqPx2evsfeb,"Chamber Of Reflection","Salad Days","Mac DeMarco",2014-04-01,231723,82,false,max1234565,2025-12-09T00:27:49Z,"indie,lo-fi indie","Captured Tracks",0.538,0.557,11,-8.678,1,0.0914,0.262,0.914,0.102,0.506,131.03,4
spotify:track:6GJdFTOm23lC5bqjYSMJTj,"Prom Queen","Prom Queen","Beach Bunny",2018-08-10,136562,80,false,max1234565,2025-12-09T00:27:49Z,"","Mom+Pop",0.534,0.795,4,-7.487,1,0.0471,0.00037,0.009,0.139,0.76,143.312,4
spotify:track:026wpXkLAjImiWOzzcJBHj,"Good Looking","Good Looking","Suki Waterhouse",2022-08-18,214800,83,false,max1234565,2025-12-09T00:27:49Z,"","Sub Pop Records",0.358,0.557,4,-9.076,1,0.03,0.0794,0.00035,0.125,0.272,150.108,3
spotify:track:7zxLkZbUxITHabPzGN8Xgc,"Sick Feeling","Soy Pablo","boy pablo",2018-10-05,155714,56,false,max1234565,2025-12-09T00:27:49Z,"bedroom pop","U OK?",0.415,0.504,9,-10.003,1,0.0318,0.022,0.00000384,0.363,0.401,165.86,4
spotify:track:4E0P1xs3JNmsNr5c5nFTZJ,"Back To Me","Back To Me","The Marías",2025-04-04,214800,79,false,max1234565,2025-12-09T00:27:49Z,"bedroom pop","Nice Life/Atlantic",0.456,0.488,9,-8.518,1,0.0275,0.469,0.0326,0.123,0.244,143.827,4
spotify:track:5Yx9t9RgATAtYoHN8gbRM0,"Fool","Next Thing","Frankie Cosmos",2016-04-01,124021,70,false,max1234565,2025-12-09T00:27:49Z,"bedroom pop","Bayonet Records",0.511,0.435,9,-10.254,1,0.0408,0.301,0.000082,0.255,0.343,120.207,4
spotify:track:5EV4bGHxVN0kHpcAFvgnTt,"Dance, Baby!","Roy Pablo","boy pablo",2017-05-19,198000,58,false,max1234565,2025-12-09T00:27:49Z,"bedroom pop","777 Music",0.602,0.601,9,-8.521,1,0.0411,0.037,0.0046,0.312,0.856,122.017,4
spotify:track:3SeDS5sSoWnwAZvVgkdKzf,"Better in the Dark","Summer's Over","Jordana;TV Girl",2021-10-13,155500,81,false,max1234565,2025-12-09T00:27:49Z,"","Summer's Over",0.678,0.64,9,-7.486,1,0.0268,0.283,0.00067,0.682,0.701,90.058,4
spotify:track:12UQIJePnGeLmpVReYpG2w,"Sunny day","Beatopia","beabadoobee",2022-07-15,160493,66,false,max1234565,2025-12-09T00:27:49Z,"bedroom pop","Dirty Hit",0.751,0.595,6,-6.422,0,0.0274,0.209,0.00268,0.0881,0.713,92.999,4
spotify:track:5RxpYHVbGJPOvSEATQyg9P,"Lucy","Lucy","Still Woozy;ODIE",2018-03-22,142500,57,true,max1234565,2025-12-09T00:27:49Z,"bedroom pop","Still Woozy Productions Inc., under exclusive license to Interscope Records",0.647,0.537,6,-12.006,0,0.21,0.43,0.000258,0.119,0.846,84.46,4
spotify:track:4pwJ6OujVQL3IpCr8KeXIg,"Nobody New","Back To Me","The Marías",2025-04-04,215200,70,false,max1234565,2025-12-09T00:27:49Z,"bedroom pop","Nice Life/Atlantic",0.648,0.462,6,-10.491,0,0.0258,0.897,0.193,0.117,0.48,77.007,4
spotify:track:410rGaFDJPwjsr9m9RPCkz,"All I Really Want Is You","CINEMA","The Marías",2021-06-25,191800,71,false,max1234565,2025-12-09T00:27:49Z,"bedroom pop","Nice Life/Atlantic",0.644,0.422,1,-10.286,0,0.124,0.912,0.0498,0.155,0.374,75.96,4
spotify:track:7AKOslmsgbvdgus8J9wHPB,"How (demo)","diary 001","Clairo",2018-05-25,127040,68,false,max1234565,2025-12-09T00:27:49Z,"bedroom pop","FADER Label",0.649,0.428,8,-4.584,0,0.0316,0.766,0.00294,0.0816,0.511,77.059,4
spotify:track:3xnM0WCRJKk4Iz49rkG5OC,"I Hope to Be Around","I Hope to Be Around","Men I Trust",2017-11-10,205554,63,false,max1234565,2025-12-09T00:27:49Z,"bedroom pop,indie pop","Men I Trust",0.821,0.384,11,-9.353,1,0.0388,0.78,0.00138,0.11,0.79,87.978,4
spotify:track:5QvditjxADt1HMKPgaMjJm,"Seven","Seven","Men I Trust",2018-09-06,225394,62,false,max1234565,2025-12-09T00:27:49Z,"bedroom pop,indie pop","Independent",0.692,0.421,4,-10.948,1,0.0295,0.668,0.152,0.104,0.83,96.981,4
spotify:track:21IYMdzTrzSe191Cy5eMap,"Sailor Song","At The Beach, In Every Life","Gigi Perez",2025-04-25,211978,88,false,max1234565,2025-12-09T00:27:49Z,"","Outtahere, LLC / Island Records",0.499,0.392,11,-10.441,1,0.0262,0.627,0.000071,0.192,0.272,95.076,4
spotify:track:4s76r7AbquJcTccqJiqdVu,"Hold Me Down","Freudian","Daniel Caesar",2017-08-25,231267,82,false,max1234565,2025-12-09T00:27:49Z,"","HV Recordings",0.398,0.432,8,-9.815,0,0.059,0.618,0.000386,0.0971,0.265,115.578,4
spotify:track:0NLm9bQG7ikL5k9x9TtYT7,"Here With Me","Petals to Thorns","d4vd",2023-05-26,242484,84,false,max1234565,2025-12-09T00:27:49Z,"","Darkroom/Interscope Records",0.575,0.449,4,-9.321,1,0.026,0.528,0.000065,0.124,0.263,132.034,4
spotify:track:7jhxagwOk9y1HC5ciRfmkQ,"Invincible (feat. Daniel Caesar)","Ivory","Omar Apollo;Daniel Caesar",2022-04-08,216160,68,false,max1234565,2025-12-09T00:27:49Z,"bedroom pop","Warner Records",0.555,0.474,6,-11.706,0,0.0668,0.224,0.00426,0.162,0.262,134.89,4
spotify:track:3fuyYaLhZ2RoP9eWpvfP1H,"A New Kind Of Love - Demo","A New Kind Of Love (Demo)","Frou Frou;Imogen Heap;Guy Sigsworth",2022-04-08,259071,79,false,max1234565,2025-12-09T00:27:49Z,"","Megaphonic",0.674,0.487,9,-13.307,1,0.0331,0.169,0.00411,0.127,0.329,132.97,4
spotify:track:2fhOljbX79loRcdl47SFye,"Moonlight on the River","This Old Dog","Mac DeMarco",2017-05-05,422613,78,false,max1234565,2025-12-09T00:27:49Z,"indie,lo-fi indie","Captured Tracks",0.662,0.478,9,-8.631,1,0.0451,0.252,0.833,0.216,0.43,139.98,4
spotify:track:6WTFHKrnZpwEBLRS10Ylqs,"misses","14 minutes","Dominic Fike",2024-05-03,74378,73,false,max1234565,2025-12-09T00:27:49Z,"","Columbia",0.578,0.509,2,-6.229,1,0.0279,0.13,0.734,0.344,0.586,119.945,4
spotify:track:3jjsRKEsF42ccXf8kWR3nu,"Washing Machine Heart","Be the Cowboy","Mitski",2018-08-17,128198,83,false,max1234565,2025-12-09T00:27:49Z,"","Dead Oceans",0.613,0.822,9,-4.087,1,0.026,0.0092,0.506,0.429,0.567,105.997,4
spotify:track:3jfZ9M23l0L7RxzYMTgBTv,"Looking Out for You","Looking Out for You","Joy Again",2016-01-15,179499,78,false,max1234565,2025-12-09T00:27:49Z,"","Arista Records",0.682,0.9,9,-5.028,1,0.0874,0.0884,0.063,0.0685,0.937,100.721,4
spotify:track:42qNWdLKCI41S4uzfamhFM,"Duvet","Twilight","bôa",2001-03-21,203600,85,false,max1234565,2025-12-09T00:27:49Z,"","Nettwerk Music Group",0.583,0.888,11,-9.414,0,0.0349,0.191,0.0000458,0.0936,0.706,93.206,4
spotify:track:0jYfN0oxUjdYmAifDBORz9,"Friends","Vibes","Vacations",2016,152360,61,false,max1234565,2025-12-09T00:27:49Z,"","Nettwerk Music Group",0.585,0.802,11,-6.352,0,0.0294,0.000204,0.246,0.0779,0.393,89.92,4
spotify:track:6jgkEbmQ2F2onEqsEhiliL,"My Kind of Woman","2","Mac DeMarco",2012-10-16,190845,82,false,max1234565,2025-12-09T00:27:49Z,"indie,lo-fi indie","Captured Tracks",0.501,0.765,6,-7.063,0,0.0281,0.00294,0.49,0.184,0.46,91.771,4
spotify:track:72cGBEqu7RitIOoACXYjfR,"The Blonde","French Exit","TV Girl",2014-06-05,227760,80,false,max1234565,2025-12-09T00:27:49Z,"","TV Girl",0.501,0.547,1,-7.961,0,0.0243,0.225,0.912,0.288,0.225,87.692,4
spotify:track:0b6xZk9f96N77BfmYWnQNC,"Mama's Boy","Sunburn","Dominic Fike",2023-07-07,155721,73,false,max1234565,2025-12-09T00:27:49Z,"","Columbia",0.807,0.354,9,-7.554,1,0.0321,0.15,0.713,0.186,0.602,78.964,4
spotify:track:0f8eRy9A0n6zXpKSHSCAEp,"Infrunami","The Lo-Fis","Steve Lacy",2020-12-04,178328,81,false,max1234565,2025-12-09T00:27:49Z,"","L-M Records",0.826,0.299,9,-7.721,1,0.0446,0.31,0.0952,0.0758,0.215,97.012,4
spotify:track:3vkCueOmm7xQDoJ17W1Pm3,"My Love Mine All Mine","The Land Is Inhospitable and So Are We","Mitski",2023-09-15,137773,86,false,max1234565,2025-12-09T00:27:49Z,"","Dead Oceans",0.504,0.308,9,-14.958,1,0.0321,0.868,0.135,0.158,0.121,113.95,4
spotify:track:2vWBUC9djv6BtiGlmKiQaH,"YKWIM?","Bipolar","Yot Club",2019-05-31,212750,77,false,max1234565,2025-12-09T00:27:49Z,"bedroom pop","Yot Club under exclusive license to Amuseio AB",0.372,0.537,9,-7.623,1,0.0305,0.937,0.873,0.287,0.228,123.735,3
spotify:track:5sA3i6SGkILMiZW6Fhx4wv,"the way things go","the way things go","beabadoobee",2023-07-18,187800,75,false,max1234565,2025-12-09T00:27:49Z,"bedroom pop","Dirty Hit",0.528,0.513,9,-8.266,1,0.0306,0.848,0.0127,0.326,0.463,131.952,4
spotify:track:3xKsf9qdS1CyvXSMEid6g8,"Pink + White","Blonde","Frank Ocean",2016-08-20,184516,86,false,max1234565,2025-12-09T00:27:49Z,"","Boys Don't Cry",0.545,0.545,9,-7.362,1,0.107,0.667,0.0000548,0.417,0.549,159.94,3
spotify:track:786f01L1AbBOGr0WmAs54w,"New Flesh","Wild Heart","Current Joys",2013-01-02,168764,72,false,max1234565,2025-12-09T00:27:49Z,"lo-fi indie","Current Joys",0.62,0.858,9,-8.772,1,0.0551,0.851,0.431,0.0877,0.697,165.825,4
spotify:track:4NUhcsz9E1LrBe8nXLZqzp,"It Almost Worked","The Night in Question: French Exit Outtakes","TV Girl",2020-05-01,152000,79,false,max1234565,2025-12-09T00:27:49Z,"","TV Girl",0.673,0.886,9,-4.347,1,0.0282,0.302,0.348,0.0792,0.679,140.586,4
spotify:track:5xA5MggKc3aQxuOzNzPUWB,"Apple Cider","Loveworm","beabadoobee",2019-04-26,178918,76,true,max1234565,2025-12-09T00:27:49Z,"bedroom pop","Dirty Hit",0.492,0.921,2,-3.939,1,0.032,0.082,0.0114,0.301,0.679,138.008,4
spotify:track:5TuTHrKzN6NweeQaKkBNb7,"Relax","Vibes","Vacations",2016,158573,68,false,max1234565,2025-12-09T00:27:49Z,"","Nettwerk Music Group",0.471,0.881,11,-4.483,0,0.0467,0.0588,0.000378,0.26,0.544,169.898,4
spotify:track:0UV5zxRMz6AO4ZwUOZNIKI,"Where'd All the Time Go?","Shame, Shame (Deluxe Edition)","Dr. Dog",2010-11-02,234800,80,false,max1234565,2025-12-09T00:27:49Z,"","Anti/Epitaph",0.454,0.82,2,-4.193,1,0.0567,0.132,0.000969,0.115,0.575,166.303,4
spotify:track:4zvHZWOGyL7WcmqHOgtGCW,"Everytime","Roy Pablo","boy pablo",2017-05-19,172941,57,false,max1234565,2025-12-09T00:27:49Z,"bedroom pop","777 Music",0.431,0.663,2,-10.066,1,0.0351,0.0249,0.0397,0.117,0.855,203.908,4
spotify:track:25WBAqR5bcRrs1du9L6AeC,"Sports","Sports","Beach Bunny",2018-01-01,164165,69,false,max1234565,2025-12-09T00:27:49Z,"","Mom+Pop",0.23,0.877,9,-5.278,1,0.0574,0.000653,0.0234,0.0697,0.524,186.142,4
spotify:track:0myRViRgmQ3J8izICXEAVO,"I Thought I Saw Your Face Today","Volume One","She & Him",2008-03-18,170333,92,false,max1234565,2026-01-07T14:04:09Z,"christmas","Merge Records",0.359,0.551,7,-7.631,1,0.0327,0.33,0.000837,0.298,0.526,158.355,4
spotify:track:4dGuRldChjvboZktprNJFM,"Hush - Still Woozy Remix","Hush (Still Woozy Remix)","The Marías;Still Woozy",2021-09-16,182346,62,false,max1234565,2026-01-29T18:31:19Z,"bedroom pop","Nice Life/Atlantic",0.708,0.554,10,-6.83,0,0.0311,0.403,0.0428,0.126,0.564,103.999,4
spotify:track:1JOUKim8ZlHaM5N43sQ9dq,"Mr. Incorrect","Sweet Boy","Malcolm Todd",2024-04-05,170526,73,true,max1234565,2026-01-27T19:12:22Z,"","Columbia",0.72,0.669,10,-6.827,1,0.0406,0.771,0.00301,0.185,0.811,113.871,3
spotify:track:0dcsuO7AQ06VS9uWfA6m1C,"2 Hold U","2 Hold U","Clairo",2017-04-13,118877,64,false,max1234565,2026-01-28T13:22:57Z,"bedroom pop","Clairo",0.843,0.28,2,-15.331,0,0.0957,0.451,0.284,0.0984,0.779,95.147,4
spotify:track:2lO7sDzhG2LMhSwpn8MwJB,"Needs","Needs","Verzache",2018-02-14,177479,66,false,max1234565,2026-01-28T13:52:50Z,"","Zach Farache",0.814,0.599,11,-7.552,0,0.116,0.194,0.000208,0.401,0.854,118.978,4
spotify:track:3BUc2A0MJ53FHwiy3eohBt,"Nobody New","Nobody New","The Marías",2025-04-02,215200,80,false,max1234565,2026-01-28T13:52:58Z,"bedroom pop","Nice Life/Atlantic",0.648,0.462,6,-10.491,0,0.0258,0.897,0.193,0.117,0.48,77.007,4
spotify:track:2vfPsGhqMbqmhjMGQ52dYf,"Locket","Locket","Crumb",2017-06-23,318378,63,false,max1234565,2026-01-28T13:56:22Z,"neo-psychedelic,bedroom pop","Crumb Records",0.393,0.481,1,-10.458,1,0.0273,0.759,0.725,0.0869,0.0773,98.463,4
spotify:track:74hvlcTuLtFhp97fAlErnU,"Can I See You Tonight?","Let's Skip to the Wedding","Eyedress",2020-08-07,157575,56,false,max1234565,2026-01-28T14:42:59Z,"","Lex Records",0.444,0.615,9,-10.62,0,0.0508,0.237,0.898,0.115,0.613,197.88,4
spotify:track:3oNQ6NkihVzQkV5qhk2Pbe,"Something About You","Mulholland Drive","Eyedress;Dent May",2021-08-27,153312,81,false,max1234565,2026-01-28T14:43:27Z,"","Lex Records",0.648,0.781,9,-8.736,0,0.0271,0.0332,0.013,0.305,0.822,133.417,4
spotify:track:7wAJfa8XOZmtCWrsxzE88T,"Romantic Lover","Let's Skip to the Wedding","Eyedress",2020-08-07,86739,72,false,max1234565,2026-01-28T14:43:43Z,"","Lex Records",0.657,0.447,9,-9.299,0,0.087,0.701,0.924,0.198,0.537,184.315,4
spotify:track:1NjzNt18LlNTuJYErYGvbQ,"She Needs Him","Invitation to Her's","Her's",2018-08-24,314390,65,false,max1234565,2026-01-28T15:14:27Z,"indie","Heist Or Hit Records",0.504,0.58,1,-5.917,1,0.0279,0.0101,0.491,0.071,0.585,157.026,4
spotify:track:0jx2hPIzs7bNveWHU2Ohzu,"Eleven Weeks","The Rolling, Driftless North","Vansire",2017-01-26,185682,60,false,max1234565,2026-01-28T15:28:09Z,"bedroom pop","Vansire",0.302,0.411,8,-13.014,1,0.0362,0.892,0.831,0.135,0.186,183.233,4
spotify:track:4SqWKzw0CbA05TGszDgMlc,"I Love You So","I Love You So","The Walters",2014-11-28,160239,86,false,max1234565,2026-01-28T15:29:06Z,"","Warner Records",0.575,0.648,10,-4.891,1,0.0358,0.583,0,0.115,0.466,75.977,4
spotify:track:10G2oBFGsv6QYuvv473u6m,"It's Me & You","It's Me & You","Tokyo Tea Room",2022-05-30,218540,49,false,max1234565,2026-01-28T15:39:01Z,"dream pop","Nice Guys",0.694,0.592,4,-8.31,1,0.0303,0.291,0.865,0.0995,0.535,104.984,4
spotify:track:5uIRujGRZv5t4fGKkUTv4n,"Feeling Lonely","Soy Pablo","boy pablo",2018-10-05,197946,54,false,max1234565,2026-01-28T15:51:55Z,"bedroom pop","U OK?",0.633,0.537,6,-10.45,0,0.0544,0.0141,0.0000372,0.103,0.889,117.907,4
spotify:track:0R3TWpoxAhT3HDXM7tpRzS,"Ghostride","Jinx","Crumb",2019-06-14,126120,68,false,max1234565,2026-02-05T17:43:46Z,"neo-psychedelic,bedroom pop","Crumb Records",0.665,0.351,2,-9.424,1,0.0276,0.516,0.819,0.109,0.451,87.057,4
spotify:track:4ENgK9ehJ9PxxrjY2iEH1j,"Chandelier","Chandelier","Will Paquin",2020-09-25,127464,75,true,max1234565,2026-02-06T02:55:20Z,"","Will Paquin Music",0.331,0.5,2,-9.119,0,0.0514,0.677,0.00000661,0.116,0.421,86.963,4
spotify:track:1tuSpba0RXUMubHpAOWlMN,"You and I","Petals to Thorns","d4vd",2023-05-26,152551,22,false,max1234565,2026-02-06T02:55:20Z,"","Darkroom/Interscope Records",0.469,0.909,10,-6.726,0,0.0389,0.135,0.000164,0.453,0.333,90.222,4
spotify:track:6OiRh4kttAs1YWglvTcYkB,"Alrighty Aphrodite","Being So Normal","Peach Pit",2018-06-28,207813,67,false,max1234565,2026-02-06T02:55:20Z,"","Columbia",0.534,0.724,6,-4.675,0,0.0495,0.00605,0.0929,0.108,0.503,81.846,4
spotify:track:4MXE6VCvTsQitHWrAxj7Kg,"Maple Syrup","When We Were Friends","The Backseat Lovers",2019-01-27,243529,71,false,max1234565,2026-02-06T02:55:20Z,"","The Backseat Lovers",0.543,0.526,2,-9.703,1,0.0582,0.0447,0.0533,0.0778,0.384,153,3
spotify:track:4M70OqsMnH6GwzEFtYAF5o,"Feel It","WITHERED","d4vd",2025-04-25,157974,29,false,max1234565,2026-02-06T02:55:20Z,"","Darkroom/Interscope Records",0.62,0.594,8,-5.833,1,0.0649,0.0357,0,0.254,0.483,120.268,4
spotify:track:2x6iNna6wQexggFz8smJcB,"Seventh Heaven","ALOHA INOHA","INOHA",2024-05-03,234499,68,false,max1234565,2026-02-06T02:55:20Z,"","INOHA Publishing",0.431,0.902,7,-6.721,1,0.0699,0.00115,0.00000281,0.343,0.479,162.995,4
spotify:track:61OJxhoY3Ix50rYVKo8zRK,"Can I Call You Tonight?","Fuzzybrain","Dayglow",2019-11-14,278769,75,false,max1234565,2026-02-06T02:55:20Z,"indie rock","Very Nice Records",0.641,0.842,9,-7.27,1,0.0292,0.134,0.911,0.419,0.499,129.978,4
spotify:track:0rVJ6v23RQozOIvr1YotJP,"Hell N Back","Hell N Back (Sped Up)","Bakar",2019-08-14,213573,70,true,max1234565,2026-02-06T02:55:20Z,"","Black Butter",0.633,0.684,10,-4.314,0,0.591,0.314,0.0000895,0.112,0.725,209.688,4
spotify:track:2Lumsra3kuU61wXkEKzKaK,"Disco","Disco","Surf Curse",2019-06-12,152760,78,false,max1234565,2026-02-06T02:55:20Z,"indie","Surf Curse",0.473,0.621,11,-8.698,0,0.0291,0.0253,0.000366,0.19,0.782,173.083,4
spotify:track:0y60itmpH0aPKsFiGxmtnh,"Wait a Minute!","ARDIPITHECUS","WILLOW",2015-01-11,196520,84,false,max1234565,2026-02-06T02:55:20Z,"","Roc Nation W Smith P&D",0.764,0.705,3,-5.279,0,0.0278,0.0371,0.0000194,0.0943,0.672,101.003,4
spotify:track:6FfLg6FFqhCsrFOaHIGkg0,"Honeypie","For Abby","JAWNY",2020-10-27,135581,77,false,max1234565,2026-02-06T02:55:20Z,"bedroom pop","Johnny Utah LLC",0.74,0.688,5,-4.361,0,0.0916,0.061,0,0.138,0.935,115.035,4
spotify:track:4nK5YrxbMGZstTLbvj6Gxw,"Supalonely","STELLA & STEVE","BENEE;Gus Dapperton",2019-11-15,223480,66,true,max1234565,2026-02-06T02:55:20Z,"bedroom pop","Republic Records",0.863,0.63,7,-4.688,1,0.0537,0.304,0.0000304,0.123,0.816,128.977,4
spotify:track:3hxIUxnT27p5WcmjGUXNwx,"Shut up My Moms Calling","Shut up My Moms Calling","Hotel Ugly",2020-02-10,164571,87,false,max1234565,2026-02-06T02:55:20Z,"","Hotel Ugly, under exclusive license to Amuseio AB",0.485,0.409,9,-10.711,0,0.101,0.325,0,0.103,0.376,138.419,4
spotify:track:3WD2cic9S2VrGIb6h114MM,"Mariposa","Mariposa","Peach Tree Rascals",2019-08-28,210000,65,false,max1234565,2026-02-06T02:55:20Z,"","Homemade Projects, LLC / TenThousand Projects, LLC",0.69,0.528,9,-6.1,1,0.027,0.647,0,0.428,0.427,112.001,4
spotify:track:5CM4UuQ9Gnd6K2YyKGPMoK,"Bad Habit","Bad Habit","Steve Lacy",2022-06-29,232114,72,true,max1234565,2026-02-06T02:55:20Z,"","L-M Records/RCA Records",0.686,0.507,1,-7.097,1,0.0357,0.626,0.0000751,0.383,0.69,168.955,4
spotify:track:0SIAFU49FFHwR3QnT5Jx0k,"Chinese New Year","Chinese New Year","SALES",2014-06-06,160000,65,false,max1234565,2026-02-06T02:55:20Z,"bedroom pop","SALES",0.744,0.845,4,-7.422,0,0.253,0.759,0.232,0.1,0.749,75.221,4
spotify:track:2FwDApgXk91kXvqy2oB7dz,"Simulation Swarm","Dragon New Warm Mountain I Believe In You","Big Thief",2022-02-11,252733,69,false,max1234565,2026-02-21T23:38:32Z,"","4AD",0.703,0.578,1,-9.103,1,0.0728,0.446,0.0024,0.102,0.67,105.204,4
spotify:track:09RamrocZneYcLYLRIxYha,"Steeeam","Shelly","Shelly",2020-10-30,170892,69,false,max1234565,2026-02-21T23:38:32Z,"lo-fi indie","Orange Hill Records",0.817,0.763,5,-11.014,0,0.0373,0.546,0.158,0.124,0.923,120.034,4
spotify:track:1VVlFu2NkLFMRBznBITlho,"I'll Change for You","I'll Change for You","Mitski",2026-02-03,196426,73,false,max1234565,2026-02-21T23:38:32Z,"","Dead Oceans",0.465,0.332,4,-14.07,1,0.0293,0.714,0.0533,0.128,0.519,86.921,4
spotify:track:27R1A3WZ5Zv0ywNe0Zunfr,"Witches","Witches","Alice Phoebe Lou",2020-03-13,195078,66,false,max1234565,2026-02-21T23:38:32Z,"","Nettwerk Music Group",0.576,0.719,8,-5.749,1,0.0584,0.0296,0.00000495,0.169,0.73,73.122,4
spotify:track:6VLjdregMReJhKp2r32IWo,"Natural","Shelly","Shelly",2020-10-30,163764,65,false,max1234565,2026-02-21T23:38:32Z,"lo-fi indie","Orange Hill Records",0.538,0.6,10,-10.241,1,0.0302,0.429,0.0562,0.117,0.499,169.931,3
spotify:track:2nilAlGEZmwyaLTMMyDdLo,"For Emma","For Emma, Forever Ago","Bon Iver",2008-02-19,220720,70,false,max1234565,2026-02-21T23:38:32Z,"","Jagjaguwar",0.669,0.613,4,-11.12,0,0.036,0.487,0.176,0.132,0.566,110.668,4
spotify:track:2b7zdV4i5vEaRlZAkiIAR5,"Falling Apart","Moveys","Slow Pulp",2020-10-09,166033,64,false,max1234565,2026-02-21T23:38:32Z,"","Winspear",0.666,0.558,11,-7.842,1,0.0296,0.402,0.00805,0.135,0.421,146.003,4
spotify:track:5nVE45ithgyVocZp5XLAk6,"The Bug Collector","I Need to Start a Garden","Haley Heynderickx",2018-03-02,228459,66,true,max1234565,2026-02-21T23:38:32Z,"","Mama Bird Recording Co.",0.538,0.419,10,-9.705,1,0.0353,0.777,0.329,0.0967,0.529,99.622,4
spotify:track:6ZtKB29KXVcSnYvxoGwOhq,"Touch","Touch","Alice Phoebe Lou",2020-06-26,208050,59,false,max1234565,2026-02-21T23:38:32Z,"","Nettwerk Music Group",0.64,0.554,8,-9.465,1,0.0233,0.0875,0.000532,0.162,0.807,98.07,4
spotify:track:0O4sIQ728ugLlwBVaxF8UM,"Kokomo, IN","Jubilee","Japanese Breakfast",2021-06-04,218744,61,false,max1234565,2026-02-21T23:38:32Z,"","Dead Oceans",0.415,0.665,9,-6.374,1,0.0291,0.0792,0.0000036,0.0926,0.721,202.173,4
spotify:track:0uphGVj1uIticJK6gb2WnO,"Hurts Me Too","Atlanta Millionaires Club","Faye Webster",2019-05-24,201120,64,false,max1234565,2026-02-21T23:38:32Z,"","Secretly Canadian",0.464,0.299,5,-11.424,1,0.0275,0.105,0.261,0.0911,0.116,95.548,3
spotify:track:4HuiEuJ7ZW8jewUuZBg6sk,"Sarah","Trick","Alex G",2012-11-05,176146,72,false,max1234565,2026-02-21T23:38:32Z,"","Lucky Number",0.65,0.686,4,-5.198,0,0.0314,0.513,0.000189,0.138,0.497,124.019,4
spotify:track:7EDcAz6iuKSkxH4VcC3Oko,"I Wait for You","1234","alex_g_offline",2023-07-09,158104,75,false,max1234565,2026-02-21T23:38:32Z,"","alex_g_offline",0.594,0.304,7,-14.389,1,0.036,0.956,0.00579,0.119,0.308,122.636,4
spotify:track:3CmcswzHOACDjooV1KLULN,"Better Distractions","I Know I'm Funny haha","Faye Webster",2021-06-25,249985,59,false,max1234565,2026-02-21T23:38:32Z,"","Secretly Canadian",0.701,0.52,6,-9.541,1,0.0243,0.0654,0.0147,0.0916,0.566,96.372,4
spotify:track:1hTbH1tGOQ2sqVav7iDHfQ,"Broadview","Yard","Slow Pulp",2023-09-29,245466,55,false,max1234565,2026-02-21T23:38:32Z,"","Anti/Epitaph",0.619,0.523,8,-6.387,1,0.0274,0.391,0.0286,0.105,0.561,124.952,4
spotify:track:4Rsv5fRmgTH88RLp7xN5sz,"Break","1234","alex_g_offline",2023-07-09,177028,74,false,max1234565,2026-02-21T23:38:32Z,"","alex_g_offline",0.473,0.452,9,-14.238,1,0.0267,0.0316,0.859,0.119,0.48,79.318,4
spotify:track:3PphHkiVdhRaO1EWH6ZWqZ,"Yards / Gardens","Look at it in the Light","Kate Bollinger",2022-04-22,141743,49,false,max1234565,2026-02-21T23:38:32Z,"","Ghostly International",0.8,0.544,10,-7.52,1,0.032,0.268,0.617,0.11,0.745,107.984,4
spotify:track:2D1rYPinUnikGU9xNWylnN,"Setting Sun","Wave Your Moonlight Hat For The Snowfall Train","You'll Never Get to Heaven",2021-11-19,178873,64,false,max1234565,2026-02-21T23:38:32Z,"dream pop,shoegaze","Mystic Roses",0.559,0.186,2,-13.264,1,0.0379,0.973,0.581,0.0968,0.224,81.551,4
spotify:track:6WlmEymaXKMRs3D2c4j6os,"Inside Out","Stratosphere","Duster",1998-02-24,141040,72,false,max1234565,2026-02-21T23:38:32Z,"slowcore,shoegaze","Numero Group",0.553,0.465,9,-9.664,1,0.0301,0.84,0.97,0.102,0.652,79.223,4
spotify:track:39VxarnBZV8POFPXvnAD2U,"Trees and Flowers","1982 4 Piece Demo","Strawberry Switchblade",2017-01-27,194821,60,false,max1234565,2026-02-21T23:38:32Z,"","Night School",0.426,0.732,7,-5.822,1,0.0325,0.432,0.292,0.0887,0.805,118.807,4
spotify:track:7Mo3dwbozdinNCQHirT8TA,"Glow","Glow","Alice Phoebe Lou",2021-03-19,165412,49,false,max1234565,2026-02-21T23:38:32Z,"","Nettwerk Music Group",0.577,0.573,6,-5.345,1,0.0314,0.0421,0.00000105,0.0812,0.509,86.75,4
spotify:track:5CBqLg9XdeEHcknJX0fZIJ,"Paul - 2023 Remaster","Masterpiece (2023 Remaster)","Big Thief",2016,183894,67,true,max1234565,2026-02-21T23:38:32Z,"","4AD",0.473,0.342,11,-8.568,1,0.0343,0.134,0.0000347,0.115,0.225,123.472,4
spotify:track:78nMVqRwap5hysPgnziW4u,"But Not Kiss","Underdressed at the Symphony","Faye Webster",2024-03-01,222555,61,false,max1234565,2026-02-21T23:38:32Z,"","Secretly Canadian",0.698,0.496,4,-9.258,0,0.0378,0.103,0.484,0.0954,0.151,81.997,4
spotify:track:24bzJwjGBWtGCs7xKIKQsB,"Wildflower","Depression Cherry","Beach House",2015-08-28,219453,67,false,max1234565,2026-02-21T23:38:32Z,"dream pop","Sub Pop Records",0.44,0.508,3,-7.821,1,0.0274,0.536,0.525,0.0903,0.217,81.097,4
spotify:track:2kwKk1pkWM6ywaC4gQaByB,"Sea, Swallow Me - 2024 Remaster","The Moon and the Melodies (2024 Remaster)","Cocteau Twins;Harold Budd",1986,189632,66,false,max1234565,2026-02-21T23:38:32Z,"dream pop,shoegaze,gothic rock,ambient,minimalism,drone","4AD",0.435,0.751,0,-8.331,1,0.0273,0.24,0.591,0.221,0.819,164.018,3
spotify:track:0XgRWgcs0Pcr9PSIdFWD4N,"Clay Pigeons","True That","Michael Cera",2014-08-14,186000,63,false,max1234565,2026-02-21T23:38:32Z,"","Michael Cera",0.292,0.241,6,-17.001,1,0.0428,0.97,0.00989,0.105,0.441,172.175,4
spotify:track:2KvbRojbZGMsWr1Nuj5n2f,"You Might Be Sleeping","Bedroom Tapes","Jakob;Clairo",2017-06-16,147093,62,false,max1234565,2026-02-21T23:38:32Z,"bedroom pop","Playground Music",0.587,0.565,7,-9.249,1,0.0265,0.731,0.341,0.169,0.508,92.604,4
spotify:track:1OPkXWnIK8RYyWTp3NWvM9,"Ice Melt","Ice Melt","Crumb",2021-04-30,148946,59,false,max1234565,2026-02-21T23:38:32Z,"neo-psychedelic,bedroom pop","Crumb Records",0.593,0.265,9,-10.168,1,0.0782,0.761,0.826,0.142,0.457,176.12,4
spotify:track:3jcw3xe2YsP5IlMwaahetO,"Thailand","Sweet Boy","Malcolm Todd",2024-04-05,235263,69,true,max1234565,2026-02-21T23:38:32Z,"","Columbia",0.568,0.558,2,-9.551,0,0.0842,0.301,0,0.255,0.401,113.968,3
spotify:track:4iVj0UxqLlgrFWNdOnCwFS,"Mrs Magic (Strings Version)","F Song & Mrs Magic (Strings Versions)","Strawberry Guy",2023-10-04,221929,83,false,max1234565,2026-02-21T23:38:32Z,"bedroom pop","Melodic",0.238,0.348,3,-9.234,1,0.0284,0.965,0.748,0.0964,0.0698,133.22,4
spotify:track:7dqhCs9znNwfs8gzaASJpK,"Hesitating","Demos Before Prom","Malcolm Todd",2022-05-15,144761,70,false,max1234565,2026-02-21T23:38:32Z,"","Columbia",0.479,0.441,5,-9.513,1,0.0711,0.873,0.0000175,0.161,0.365,126.204,4
spotify:track:3WOZcIibmurJult4Z7Wfce,"Spin Me Around","CINEMA","The Marías",2021-06-25,146973,63,false,max1234565,2026-02-21T23:38:32Z,"bedroom pop","Nice Life/Atlantic",0.582,0.342,1,-12.249,0,0.0391,0.442,0.34,0.103,0.327,76.475,4
spotify:track:50ASFow3YrVJJpqdzaM1YD,"Carried Away","Equus Caballus","Men I Trust",2025-05-06,207500,59,false,max1234565,2026-02-21T23:38:32Z,"bedroom pop,indie pop","Independent",0.807,0.548,10,-11.662,0,0.0296,0.559,0.37,0.0955,0.768,95.993,4
spotify:track:4mZGpebzw2usDBsUc8FPhZ,"Forever out of Time","Dream Room","Tokyo Tea Room",2019-11-29,170000,56,false,max1234565,2026-02-21T23:38:32Z,"dream pop","Nice Guys",0.461,0.696,7,-5.443,1,0.0249,0.234,0.449,0.229,0.496,93.648,4
spotify:track:3HVRZxCp3BWYuYe8L8BMNH,"Real Life","Submarine","The Marías",2024-05-31,206973,74,false,max1234565,2026-02-21T23:38:32Z,"bedroom pop","Nice Life/Atlantic",0.783,0.603,0,-8.879,0,0.0265,0.521,0.351,0.119,0.633,100.994,4
spotify:track:5Hg1m5uhSPL75ejQgPOmyc,"Heaven Knows","Heaven Knows","54 Ultra",2024-05-01,181920,69,false,max1234565,2026-02-21T23:38:32Z,"retro soul","That's Love Records",0.401,0.504,3,-7.088,0,0.0287,0.719,0.00000228,0.134,0.697,175.938,4
